city_code;city;town_code;town
1;ADANA;1757;ALADAG
1;ADANA;1219;CEYHAN
1;ADANA;2033;ÇUKUROVA
1;ADANA;1329;FEKE
1;ADANA;1806;IMAMOGLU
1;ADANA;1437;KARAISALI
1;ADANA;1443;KARATAS
1;ADANA;1486;KOZAN
1;ADANA;1580;POZANTI
1;ADANA;1588;SAIMBEYLI
1;ADANA;2032;SARIÇAM
1;ADANA;1104;SEYHAN
1;ADANA;1687;TUFANBEYLI
1;ADANA;1734;YUMURTALIK
1;ADANA;1748;YÜREGIR
2;ADIYAMAN;1182;BESNI
2;ADIYAMAN;1246;ÇELIKHAN
2;ADIYAMAN;1347;GERGER
2;ADIYAMAN;1354;GÖLBASI
2;ADIYAMAN;1425;KAHTA
2;ADIYAMAN;1105;MERKEZ
2;ADIYAMAN;1592;SAMSAT
2;ADIYAMAN;1985;SINCIK
2;ADIYAMAN;1989;TUT
3;AFYONKARAHISAR;1771;BASMAKÇI
3;AFYONKARAHISAR;1200;BOLVADIN
3;AFYONKARAHISAR;1239;ÇAY
3;AFYONKARAHISAR;1906;ÇOBANLAR
3;AFYONKARAHISAR;1267;DAZKIRI
3;AFYONKARAHISAR;1281;DINAR
3;AFYONKARAHISAR;1306;EMIRDAG
3;AFYONKARAHISAR;1923;EVCILER
3;AFYONKARAHISAR;NULL;GÖLBASI
3;AFYONKARAHISAR;1944;HOCALAR
3;AFYONKARAHISAR;1404;IHSANIYE
3;AFYONKARAHISAR;1809;ISCEHISAR
3;AFYONKARAHISAR;1961;KIZILÖREN
3;AFYONKARAHISAR;1108;MERKEZ
3;AFYONKARAHISAR;1594;SANDIKLI
3;AFYONKARAHISAR;1626;SINANPASA
3;AFYONKARAHISAR;1664;SUHUT
3;AFYONKARAHISAR;1639;SULTANDAGI
4;AGRI;1283;DIYADIN
4;AGRI;1287;DOGUBAYAZIT
4;AGRI;1301;ELESKIRT
4;AGRI;1379;HAMUR
4;AGRI;1111;MERKEZ
4;AGRI;1568;PATNOS
4;AGRI;1667;TASLIÇAY
4;AGRI;1691;TUTAK
5;AMASYA;1363;GÖYNÜCEK
5;AMASYA;1368;GÜMÜSHACIKÖY
5;AMASYA;1938;HAMAMÖZÜ
5;AMASYA;1134;MERKEZ
5;AMASYA;1524;MERZIFON
5;AMASYA;1641;SULUOVA
5;AMASYA;1668;TASOVA
6;ANKARA;1872;AKYURT
6;ANKARA;1130;ALTINDAG
6;ANKARA;1157;AYAS
6;ANKARA;1167;BALA
6;ANKARA;1187;BEYPAZARI
6;ANKARA;1227;ÇAMLIDERE
6;ANKARA;1231;ÇANKAYA
6;ANKARA;1260;ÇUBUK
6;ANKARA;1302;ELMADAG
6;ANKARA;1922;ETIMESGUT
6;ANKARA;1924;EVREN
6;ANKARA;1744;GÖLBASI
6;ANKARA;1365;GÜDÜL
6;ANKARA;1387;HAYMANA
6;ANKARA;1427;KALECIK
6;ANKARA;1815;KAZAN
6;ANKARA;1745;KEÇIÖREN
6;ANKARA;1473;KIZILCAHAMAM
6;ANKARA;1746;MAMAK
6;ANKARA;1539;NALLIHAN
6;ANKARA;1578;POLATLI
6;ANKARA;2034;PURSAKLAR
6;ANKARA;1658;SEREFLIKOÇHISAR
6;ANKARA;1747;SINCAN
6;ANKARA;1723;YENIMAHALLE
7;ANTALYA;1121;AKSEKI
7;ANTALYA;2035;AKSU
7;ANTALYA;1126;ALANYA
7;ANTALYA;1811;DEMRE
7;ANTALYA;2036;DÖSEMEALTI
7;ANTALYA;1303;ELMALI
7;ANTALYA;1333;FINIKE
7;ANTALYA;1337;GAZIPASA
7;ANTALYA;NULL;GÖLBASI
7;ANTALYA;1370;GÜNDOGMUS
7;ANTALYA;1946;IBRADI
7;ANTALYA;1451;KAS
7;ANTALYA;2037;KEPEZ
7;ANTALYA;2038;KONYAALTI
7;ANTALYA;1483;KORKUTELI
7;ANTALYA;1492;KUMLUCA
7;ANTALYA;1512;MANAVGAT
7;ANTALYA;2039;MURATPASA
7;ANTALYA;1616;SERIK
8;ARTVIN;1145;ARDANUÇ
8;ARTVIN;1147;ARHAVI
8;ARTVIN;1202;BORÇKA
8;ARTVIN;1395;HOPA
8;ARTVIN;1152;MERKEZ
8;ARTVIN;1828;MURGUL
8;ARTVIN;1653;SAVSAT
8;ARTVIN;1736;YUSUFELI
9;AYDIN;1206;BOZDOGAN
9;AYDIN;1781;BUHARKENT
9;AYDIN;1256;ÇINE
9;AYDIN;2000;DIDIM
9;AYDIN;1348;GERMENCIK
9;AYDIN;NULL;GÖLBASI
9;AYDIN;1807;INCIRLIOVA
9;AYDIN;1435;KARACASU
9;AYDIN;1957;KARPUZLU
9;AYDIN;1479;KOÇARLI
9;AYDIN;1968;KÖSK
9;AYDIN;1497;KUSADASI
9;AYDIN;1498;KUYUCAK
9;AYDIN;1159;MERKEZ
9;AYDIN;1542;NAZILLI
9;AYDIN;1637;SÖKE
9;AYDIN;1640;SULTANHISAR
10;BALIKESIR;1161;AYVALIK
10;BALIKESIR;1169;BALYA
10;BALIKESIR;1171;BANDIRMA
10;BALIKESIR;1191;BIGADIÇ
10;BALIKESIR;1216;BURHANIYE
10;BALIKESIR;1291;DURSUNBEY
10;BALIKESIR;1310;ERDEK
10;BALIKESIR;NULL;GÖLBASI
10;BALIKESIR;1928;GÖMEÇ
10;BALIKESIR;1384;HAVRAN
10;BALIKESIR;1418;IVRINDI
10;BALIKESIR;1462;KEPSUT
10;BALIKESIR;1514;MANYAS
10;BALIKESIR;1824;MARMARA
10;BALIKESIR;1168;MERKEZ
10;BALIKESIR;1608;SAVASTEPE
10;BALIKESIR;1619;SINDIRGI
10;BALIKESIR;1644;SUSURLUK
11;BILECIK;1210;BOZÜYÜK
11;BILECIK;NULL;GÖLBASI
11;BILECIK;1359;GÖLPAZARI
11;BILECIK;1948;INHISAR
11;BILECIK;1192;MERKEZ
11;BILECIK;1559;OSMANELI
11;BILECIK;1571;PAZARYERI
11;BILECIK;1636;SÖGÜT
12;BINGÖL;1750;ADAKLI
12;BINGÖL;1344;GENÇ
12;BINGÖL;1446;KARLIOVA
12;BINGÖL;1475;KIGI
12;BINGÖL;1193;MERKEZ
12;BINGÖL;1633;SOLHAN
12;BINGÖL;1855;YAYLADERE
12;BINGÖL;1996;YEDISU
13;BITLIS;1106;ADILCEVAZ
13;BITLIS;1112;AHLAT
13;BITLIS;1798;GÜROYMAK
13;BITLIS;1394;HIZAN
13;BITLIS;1196;MERKEZ
13;BITLIS;1537;MUTKI
13;BITLIS;1669;TATVAN
14;BOLU;1916;DÖRTDIVAN
14;BOLU;1346;GEREDE
14;BOLU;1364;GÖYNÜK
14;BOLU;1466;KIBRISCIK
14;BOLU;1522;MENGEN
14;BOLU;1199;MERKEZ
14;BOLU;1531;MUDURNU
14;BOLU;1610;SEBEN
14;BOLU;1997;YENIÇAGA
15;BURDUR;1109;AGLASUN
15;BURDUR;1211;BUCAK
15;BURDUR;1899;ÇAVDIR
15;BURDUR;1903;ÇELTIKÇI
15;BURDUR;NULL;GÖLBASI
15;BURDUR;1357;GÖLHISAR
15;BURDUR;1813;KARAMANLI
15;BURDUR;1215;MERKEZ
15;BURDUR;1672;TEFENNI
15;BURDUR;1728;YESILOVA
16;BURSA;1783;BÜYÜKORHAN
16;BURSA;1343;GEMLIK
16;BURSA;1935;GÜRSU
16;BURSA;1799;HARMANCIK
16;BURSA;1411;INEGÖL
16;BURSA;1420;IZNIK
16;BURSA;1434;KARACABEY
16;BURSA;1457;KELES
16;BURSA;1960;KESTEL
16;BURSA;1530;MUDANYA
16;BURSA;1535;MUSTAFAKEMALPASA
16;BURSA;1829;NILÜFER
16;BURSA;1553;ORHANELI
16;BURSA;1554;ORHANGAZI
16;BURSA;1832;OSMANGAZI
16;BURSA;1725;YENISEHIR
16;BURSA;1859;YILDIRIM
17;ÇANAKKALE;1180;BAYRAMIÇ
17;ÇANAKKALE;1190;BIGA
17;ÇANAKKALE;1205;BOZCAADA
17;ÇANAKKALE;1229;ÇAN
17;ÇANAKKALE;1293;ECEABAT
17;ÇANAKKALE;1326;EZINE
17;ÇANAKKALE;1340;GELIBOLU
17;ÇANAKKALE;1408;GÖKÇEADA
17;ÇANAKKALE;NULL;GÖLBASI
17;ÇANAKKALE;1503;LAPSEKI
17;ÇANAKKALE;1230;MERKEZ
18;ÇANKIRI;1765;ATKARACALAR
18;ÇANKIRI;1885;BAYRAMÖREN
18;ÇANKIRI;1248;ÇERKES
18;ÇANKIRI;1300;ELDIVAN
18;ÇANKIRI;1399;ILGAZ
18;ÇANKIRI;1817;KIZILIRMAK
18;ÇANKIRI;1963;KORGUN
18;ÇANKIRI;1494;KURSUNLU
18;ÇANKIRI;1232;MERKEZ
18;ÇANKIRI;1555;ORTA
18;ÇANKIRI;1649;SABANÖZÜ
18;ÇANKIRI;1718;YAPRAKLI
19;ÇORUM;1124;ALACA
19;ÇORUM;1778;BOGAZKALE
19;ÇORUM;1911;DODURGA
19;ÇORUM;NULL;GÖLBASI
19;ÇORUM;1414;ISKILIP
19;ÇORUM;1445;KARGI
19;ÇORUM;1972;LAÇIN
19;ÇORUM;1520;MECITÖZÜ
19;ÇORUM;1259;MERKEZ
19;ÇORUM;1976;OGUZLAR
19;ÇORUM;1558;OSMANCIK
19;ÇORUM;1642;SUNGURLU
19;ÇORUM;1850;UGURLUDAG
20;DENIZLI;1102;ACIPAYAM
20;DENIZLI;1871;AKKÖY
20;DENIZLI;1769;BABADAG
20;DENIZLI;1881;BAKLAN
20;DENIZLI;1774;BEKILLI
20;DENIZLI;1888;BEYAGAÇ
20;DENIZLI;1214;BULDAN
20;DENIZLI;1224;ÇAL
20;DENIZLI;1226;ÇAMELI
20;DENIZLI;1233;ÇARDAK
20;DENIZLI;1257;ÇIVRIL
20;DENIZLI;NULL;GÖLBASI
20;DENIZLI;1371;GÜNEY
20;DENIZLI;1803;HONAZ
20;DENIZLI;1271;MERKEZ
20;DENIZLI;1597;SARAYKÖY
20;DENIZLI;1840;SERINHISAR
20;DENIZLI;1670;TAVAS
21;DIYARBAKIR;2040;BAGLAR
21;DIYARBAKIR;1195;BISMIL
21;DIYARBAKIR;1249;ÇERMIK
21;DIYARBAKIR;1253;ÇINAR
21;DIYARBAKIR;1263;ÇÜNGÜS
21;DIYARBAKIR;1278;DICLE
21;DIYARBAKIR;1791;EGIL
21;DIYARBAKIR;1315;ERGANI
21;DIYARBAKIR;1381;HANI
21;DIYARBAKIR;1389;HAZRO
21;DIYARBAKIR;2041;KAYAPINAR
21;DIYARBAKIR;1962;KOCAKÖY
21;DIYARBAKIR;1490;KULP
21;DIYARBAKIR;1504;LICE
21;DIYARBAKIR;1624;SILVAN
21;DIYARBAKIR;2042;SUR
21;DIYARBAKIR;2043;YENISEHIR
22;EDIRNE;1307;ENEZ
22;EDIRNE;1385;HAVSA
22;EDIRNE;1412;IPSALA
22;EDIRNE;1464;KESAN
22;EDIRNE;1502;LALAPASA
22;EDIRNE;1523;MERIÇ
22;EDIRNE;1295;MERKEZ
22;EDIRNE;1988;SÜLOGLU
22;EDIRNE;1705;UZUNKÖPRÜ
23;ELAZIG;1110;AGIN
23;ELAZIG;1873;ALACAKAYA
23;ELAZIG;1762;ARICAK
23;ELAZIG;1173;BASKIL
23;ELAZIG;1438;KARAKOÇAN
23;ELAZIG;1455;KEBAN
23;ELAZIG;1820;KOVANCILAR
23;ELAZIG;1506;MADEN
23;ELAZIG;1298;MERKEZ
23;ELAZIG;1566;PALU
23;ELAZIG;1631;SIVRICE
24;ERZINCAN;1243;ÇAYIRLI
24;ERZINCAN;1406;ILIÇ
24;ERZINCAN;1459;KEMAH
24;ERZINCAN;1460;KEMALIYE
24;ERZINCAN;1318;MERKEZ
24;ERZINCAN;1977;OTLUKBELI
24;ERZINCAN;1583;REFAHIYE
24;ERZINCAN;1675;TERCAN
24;ERZINCAN;1853;ÜZÜMLÜ
25;ERZURUM;1153;ASKALE
25;ERZURUM;1945;AZIZIYE
25;ERZURUM;1235;ÇAT
25;ERZURUM;1392;HINIS
25;ERZURUM;1396;HORASAN
25;ERZURUM;1416;ISPIR
25;ERZURUM;1812;KARAÇOBAN
25;ERZURUM;1444;KARAYAZI
25;ERZURUM;1967;KÖPRÜKÖY
25;ERZURUM;1540;NARMAN
25;ERZURUM;1550;OLTU
25;ERZURUM;1551;OLUR
25;ERZURUM;2044;PALANDÖKEN
25;ERZURUM;1567;PASINLER
25;ERZURUM;1865;PAZARYOLU
25;ERZURUM;1657;SENKAYA
25;ERZURUM;1674;TEKMAN
25;ERZURUM;1683;TORTUM
25;ERZURUM;1851;UZUNDERE
25;ERZURUM;2045;YAKUTIYE
26;ESKISEHIR;1759;ALPU
26;ESKISEHIR;1777;BEYLIKOVA
26;ESKISEHIR;1255;ÇIFTELER
26;ESKISEHIR;1934;GÜNYÜZÜ
26;ESKISEHIR;1939;HAN
26;ESKISEHIR;1808;INÖNÜ
26;ESKISEHIR;1508;MAHMUDIYE
26;ESKISEHIR;1973;MIHALGAZI
26;ESKISEHIR;NULL;MIHALIÇÇIK
26;ESKISEHIR;2046;ODUNPAZARI
26;ESKISEHIR;1599;SARICAKAYA
26;ESKISEHIR;1618;SEYITGAZI
26;ESKISEHIR;1632;SIVRIHISAR
26;ESKISEHIR;2047;TEPEBASI
27;GAZIANTEP;1139;ARABAN
27;GAZIANTEP;1415;ISLAHIYE
27;GAZIANTEP;1956;KARKAMIS
27;GAZIANTEP;1546;NIZIP
27;GAZIANTEP;1974;NURDAGI
27;GAZIANTEP;1549;OGUZELI
27;GAZIANTEP;1841;SAHINBEY
27;GAZIANTEP;1844;SEHITKAMIL
27;GAZIANTEP;1720;YAVUZELI
28;GIRESUN;1133;ALUCRA
28;GIRESUN;1212;BULANCAK
28;GIRESUN;1893;ÇAMOLUK
28;GIRESUN;1894;ÇANAKÇI
28;GIRESUN;1272;DERELI
28;GIRESUN;1912;DOGANKENT
28;GIRESUN;1320;ESPIYE
28;GIRESUN;1324;EYNESIL
28;GIRESUN;1361;GÖRELE
28;GIRESUN;1930;GÜCE
28;GIRESUN;1465;KESAP
28;GIRESUN;1352;MERKEZ
28;GIRESUN;1837;PIRAZIZ
28;GIRESUN;1654;SEBINKARAHISAR
28;GIRESUN;1678;TIREBOLU
28;GIRESUN;1854;YAGLIDERE
29;GÜMÜSHANE;1458;KELKIT
29;GÜMÜSHANE;1822;KÖSE
29;GÜMÜSHANE;1971;KÜRTÜN
29;GÜMÜSHANE;1369;MERKEZ
29;GÜMÜSHANE;1660;SIRAN
29;GÜMÜSHANE;1684;TORUL
30;HAKKARI;1261;ÇUKURCA
30;HAKKARI;1377;MERKEZ
30;HAKKARI;1656;SEMDINLI
30;HAKKARI;1737;YÜKSEKOVA
31;HATAY;1131;ALTINÖZÜ
31;HATAY;1887;BELEN
31;HATAY;1289;DÖRTYOL
31;HATAY;1792;ERZIN
31;HATAY;1382;HASSA
31;HATAY;1413;ISKENDERUN
31;HATAY;1468;KIRIKHAN
31;HATAY;1970;KUMLU
31;HATAY;1383;MERKEZ
31;HATAY;1585;REYHANLI
31;HATAY;1591;SAMANDAG
31;HATAY;1721;YAYLADAGI
32;ISPARTA;1755;AKSU
32;ISPARTA;1154;ATABEY
32;ISPARTA;1297;EGIRDIR
32;ISPARTA;1341;GELENDOST
32;ISPARTA;NULL;GÖLBASI
32;ISPARTA;1456;KEÇIBORLU
32;ISPARTA;1401;MERKEZ
32;ISPARTA;1651;SARKIKARAAGAÇ
32;ISPARTA;1615;SENIRKENT
32;ISPARTA;1648;SÜTÇÜLER
32;ISPARTA;1699;ULUBORLU
32;ISPARTA;1717;YALVAÇ
32;ISPARTA;2001;YENISARBADEMLI
33;MERSIN;2064;AKDENIZ
33;MERSIN;1135;ANAMUR
33;MERSIN;1779;BOZYAZI
33;MERSIN;1892;ÇAMLIYAYLA
33;MERSIN;1311;ERDEMLI
33;MERSIN;NULL;GÖLBASI
33;MERSIN;1366;GÜLNAR
33;MERSIN;2065;MEZITLI
33;MERSIN;1536;MUT
33;MERSIN;1621;SILIFKE
33;MERSIN;1665;TARSUS
33;MERSIN;2066;TOROSLAR
33;MERSIN;2067;YENISEHIR
34;ISTANBUL;1103;ADALAR
34;ISTANBUL;2048;ARNAVUTKÖY
34;ISTANBUL;2049;ATASEHIR
34;ISTANBUL;2003;AVCILAR
34;ISTANBUL;2004;BAGCILAR
34;ISTANBUL;2005;BAHÇELIEVLER
34;ISTANBUL;1166;BAKIRKÖY
34;ISTANBUL;2050;BASAKSEHIR
34;ISTANBUL;1886;BAYRAMPASA
34;ISTANBUL;1183;BESIKTAS
34;ISTANBUL;1185;BEYKOZ
34;ISTANBUL;2051;BEYLIKDÜZÜ
34;ISTANBUL;1186;BEYOGLU
34;ISTANBUL;1782;BÜYÜKÇEKMECE
34;ISTANBUL;1237;ÇATALCA
34;ISTANBUL;2052;ÇEKMEKÖY
34;ISTANBUL;2016;ESENLER
34;ISTANBUL;2053;ESENYURT
34;ISTANBUL;1325;EYÜP
34;ISTANBUL;1327;FATIH
34;ISTANBUL;1336;GAZIOSMANPASA
34;ISTANBUL;2010;GÜNGÖREN
34;ISTANBUL;1421;KADIKÖY
34;ISTANBUL;1810;KAGITHANE
34;ISTANBUL;1449;KARTAL
34;ISTANBUL;1823;KÜÇÜKÇEKMECE
34;ISTANBUL;2012;MALTEPE
34;ISTANBUL;1835;PENDIK
34;ISTANBUL;2054;SANCAKTEPE
34;ISTANBUL;1604;SARIYER
34;ISTANBUL;1659;SILE
34;ISTANBUL;1622;SILIVRI
34;ISTANBUL;1663;SISLI
34;ISTANBUL;2014;SULTANBEYLI
34;ISTANBUL;2055;SULTANGAZI
34;ISTANBUL;2015;TUZLA
34;ISTANBUL;1852;ÜMRANIYE
34;ISTANBUL;1708;ÜSKÜDAR
34;ISTANBUL;1739;ZEYTINBURNU
35;IZMIR;1128;ALIAGA
35;IZMIR;2006;BALÇOVA
35;IZMIR;1178;BAYINDIR
35;IZMIR;2056;BAYRAKLI
35;IZMIR;1181;BERGAMA
35;IZMIR;1776;BEYDAG
35;IZMIR;1203;BORNOVA
35;IZMIR;1780;BUCA
35;IZMIR;1251;ÇESME
35;IZMIR;2007;ÇIGLI
35;IZMIR;1280;DIKILI
35;IZMIR;1334;FOÇA
35;IZMIR;2009;GAZIEMIR
35;IZMIR;2018;GÜZELBAHÇE
35;IZMIR;2057;KARABAGLAR
35;IZMIR;1432;KARABURUN
35;IZMIR;1448;KARSIYAKA
35;IZMIR;1461;KEMALPASA
35;IZMIR;1467;KINIK
35;IZMIR;1477;KIRAZ
35;IZMIR;1819;KONAK
35;IZMIR;1826;MENDERES
35;IZMIR;1521;MENEMEN
35;IZMIR;2013;NARLIDERE
35;IZMIR;1563;ÖDEMIS
35;IZMIR;1611;SEFERIHISAR
35;IZMIR;1612;SELÇUK
35;IZMIR;1677;TIRE
35;IZMIR;1682;TORBALI
35;IZMIR;1703;URLA
36;KARS;1756;AKYAKA
36;KARS;1149;ARPAÇAY
36;KARS;1279;DIGOR
36;KARS;1424;KAGIZMAN
36;KARS;1447;MERKEZ
36;KARS;1601;SARIKAMIS
36;KARS;1614;SELIM
36;KARS;1645;SUSUZ
37;KASTAMONU;1101;ABANA
37;KASTAMONU;1867;AGLI
37;KASTAMONU;1140;ARAÇ
37;KASTAMONU;1162;AZDAVAY
37;KASTAMONU;1238;ÇATALZEYTIN
37;KASTAMONU;1221;CIDE
37;KASTAMONU;1264;DADAY
37;KASTAMONU;1277;DEVREKANI
37;KASTAMONU;1915;DOGANYURT
37;KASTAMONU;NULL;GÖLBASI
37;KASTAMONU;1940;HANÖNÜ
37;KASTAMONU;1805;IHSANGAZI
37;KASTAMONU;1410;INEBOLU
37;KASTAMONU;1499;KÜRE
37;KASTAMONU;1450;MERKEZ
37;KASTAMONU;1845;SENPAZAR
37;KASTAMONU;1984;SEYDILER
37;KASTAMONU;1666;TASKÖPRÜ
37;KASTAMONU;1685;TOSYA
38;KAYSERI;1752;AKKISLA
38;KAYSERI;1218;BÜNYAN
38;KAYSERI;1275;DEVELI
38;KAYSERI;1330;FELAHIYE
38;KAYSERI;NULL;GÖLBASI
38;KAYSERI;1936;HACILAR
38;KAYSERI;1409;INCESU
38;KAYSERI;1863;KOCASINAN
38;KAYSERI;1864;MELIKGAZI
38;KAYSERI;1978;ÖZVATAN
38;KAYSERI;1603;SARIOGLAN
38;KAYSERI;1605;SARIZ
38;KAYSERI;1846;TALAS
38;KAYSERI;1680;TOMARZA
38;KAYSERI;1715;YAHYALI
38;KAYSERI;1727;YESILHISAR
39;KIRKLARELI;1163;BABAESKI
39;KIRKLARELI;1270;DEMIRKÖY
39;KIRKLARELI;1480;KOFÇAZ
39;KIRKLARELI;1505;LÜLEBURGAZ
39;KIRKLARELI;1471;MERKEZ
39;KIRKLARELI;1572;PEHLIVANKÖY
39;KIRKLARELI;1577;PINARHISAR
39;KIRKLARELI;1714;VIZE
40;KIRSEHIR;1869;AKÇAKENT
40;KIRSEHIR;1754;AKPINAR
40;KIRSEHIR;1890;BOZTEPE
40;KIRSEHIR;1254;ÇIÇEKDAGI
40;KIRSEHIR;1429;KAMAN
40;KIRSEHIR;1472;MERKEZ
40;KIRSEHIR;1529;MUCUR
41;KOCAELI;2058;BASISKELE
41;KOCAELI;2059;ÇAYIROVA
41;KOCAELI;2060;DARICA
41;KOCAELI;2030;DERINCE
41;KOCAELI;2061;DILOVASI
41;KOCAELI;1338;GEBZE
41;KOCAELI;1355;GÖLCÜK
41;KOCAELI;2062;IZMIT
41;KOCAELI;1430;KANDIRA
41;KOCAELI;1440;KARAMÜRSEL
41;KOCAELI;2063;KARTEPE
41;KOCAELI;1821;KÖRFEZ
42;KONYA;1868;AHIRLI
42;KONYA;1753;AKÖREN
42;KONYA;1122;AKSEHIR
42;KONYA;1760;ALTINEKIN
42;KONYA;1188;BEYSEHIR
42;KONYA;1207;BOZKIR
42;KONYA;1902;ÇELTIK
42;KONYA;1222;CIHANBEYLI
42;KONYA;1262;ÇUMRA
42;KONYA;1907;DERBENT
42;KONYA;1789;DEREBUCAK
42;KONYA;1285;DOGANHISAR
42;KONYA;1920;EMIRGAZI
42;KONYA;NULL;GÖLBASI
42;KONYA;1933;GÜNEYSINIR
42;KONYA;1375;HADIM
42;KONYA;1937;HALKAPINAR
42;KONYA;1804;HÜYÜK
42;KONYA;1400;ILGIN
42;KONYA;1422;KADINHANI
42;KONYA;1441;KARAPINAR
42;KONYA;1814;KARATAY
42;KONYA;1491;KULU
42;KONYA;1827;MERAM
42;KONYA;1598;SARAYÖNÜ
42;KONYA;1839;SELÇUKLU
42;KONYA;1617;SEYDISEHIR
42;KONYA;1848;TASKENT
42;KONYA;1990;TUZLUKÇU
42;KONYA;1994;YALIHÜYÜK
42;KONYA;1735;YUNAK
43;KÜTAHYA;1132;ALTINTAS
43;KÜTAHYA;1764;ASLANAPA
43;KÜTAHYA;1898;ÇAVDARHISAR
43;KÜTAHYA;1288;DOMANIÇ
43;KÜTAHYA;1790;DUMLUPINAR
43;KÜTAHYA;1304;EMET
43;KÜTAHYA;1339;GEDIZ
43;KÜTAHYA;1802;HISARCIK
43;KÜTAHYA;1500;MERKEZ
43;KÜTAHYA;1979;PAZARLAR
43;KÜTAHYA;1843;SAPHANE
43;KÜTAHYA;1625;SIMAV
43;KÜTAHYA;1671;TAVSANLI
44;MALATYA;1114;AKÇADAG
44;MALATYA;1143;ARAPGIR
44;MALATYA;1148;ARGUVAN
44;MALATYA;1772;BATTALGAZI
44;MALATYA;1265;DARENDE
44;MALATYA;1286;DOGANSEHIR
44;MALATYA;1914;DOGANYOL
44;MALATYA;NULL;GÖLBASI
44;MALATYA;1390;HEKIMHAN
44;MALATYA;1969;KULUNCAK
44;MALATYA;1509;MERKEZ
44;MALATYA;1582;PÜTÜRGE
44;MALATYA;1995;YAZIHAN
45;MANISA;1751;AHMETLI
45;MANISA;1118;AKHISAR
45;MANISA;1127;ALASEHIR
45;MANISA;1269;DEMIRCI
45;MANISA;NULL;GÖLBASI
45;MANISA;1793;GÖLMARMARA
45;MANISA;1362;GÖRDES
45;MANISA;1470;KIRKAGAÇ
45;MANISA;1489;KULA
45;MANISA;1513;MERKEZ
45;MANISA;1590;SALIHLI
45;MANISA;1600;SARIGÖL
45;MANISA;1606;SARUHANLI
45;MANISA;1613;SELENDI
45;MANISA;1634;SOMA
45;MANISA;1689;TURGUTLU
46;KAHRAMANMARAS;1107;AFSIN
46;KAHRAMANMARAS;1136;ANDIRIN
46;KAHRAMANMARAS;NULL;ÇAGLAYANCERIT
46;KAHRAMANMARAS;1919;EKINÖZÜ
46;KAHRAMANMARAS;1299;ELBISTAN
46;KAHRAMANMARAS;1353;GÖKSUN
46;KAHRAMANMARAS;1515;MERKEZ
46;KAHRAMANMARAS;1975;NURHAK
46;KAHRAMANMARAS;1570;PAZARCIK
46;KAHRAMANMARAS;1694;TÜRKOGLU
47;MARDIN;1787;DARGEÇIT
47;MARDIN;1273;DERIK
47;MARDIN;1474;KIZILTEPE
47;MARDIN;1519;MAZIDAGI
47;MARDIN;1516;MERKEZ
47;MARDIN;1526;MIDYAT
47;MARDIN;1547;NUSAYBIN
47;MARDIN;1564;ÖMERLI
47;MARDIN;1609;SAVUR
47;MARDIN;2002;YESILLI
48;MUGLA;1197;BODRUM
48;MUGLA;1742;DALAMAN
48;MUGLA;1266;DATÇA
48;MUGLA;1331;FETHIYE
48;MUGLA;1958;KAVAKLIDERE
48;MUGLA;1488;KÖYCEGIZ
48;MUGLA;1517;MARMARIS
48;MUGLA;1532;MERKEZ
48;MUGLA;1528;MILAS
48;MUGLA;1831;ORTACA
48;MUGLA;1695;ULA
48;MUGLA;1719;YATAGAN
49;MUS;1213;BULANIK
49;MUS;1801;HASKÖY
49;MUS;1964;KORKUT
49;MUS;1510;MALAZGIRT
49;MUS;1534;MERKEZ
49;MUS;1711;VARTO
50;NEVSEHIR;1749;ACIGÖL
50;NEVSEHIR;1155;AVANOS
50;NEVSEHIR;1274;DERINKUYU
50;NEVSEHIR;1367;GÜLSEHIR
50;NEVSEHIR;1374;HACIBEKTAS
50;NEVSEHIR;1485;KOZAKLI
50;NEVSEHIR;1543;MERKEZ
50;NEVSEHIR;1707;ÜRGÜP
51;NIGDE;1876;ALTUNHISAR
51;NIGDE;1201;BOR
51;NIGDE;1225;ÇAMARDI
51;NIGDE;1904;ÇIFTLIK
51;NIGDE;1544;MERKEZ
51;NIGDE;1700;ULUKISLA
52;ORDU;1119;AKKUS
52;ORDU;1158;AYBASTI
52;ORDU;1891;ÇAMAS
52;ORDU;1897;ÇATALPINAR
52;ORDU;1900;ÇAYBASI
52;ORDU;1328;FATSA
52;ORDU;NULL;GÖLBASI
52;ORDU;1358;GÖLKÖY
52;ORDU;1795;GÜLYALI
52;ORDU;1797;GÜRGENTEPE
52;ORDU;1947;IKIZCE
52;ORDU;1950;KABADÜZ
52;ORDU;1951;KABATAS
52;ORDU;1482;KORGAN
52;ORDU;1493;KUMRU
52;ORDU;1552;MERKEZ
52;ORDU;1525;MESUDIYE
52;ORDU;1573;PERSEMBE
52;ORDU;1706;ÜNYE
53;RIZE;1146;ARDESEN
53;RIZE;1228;ÇAMLIHEMSIN
53;RIZE;1241;ÇAYELI
53;RIZE;1908;DEREPAZARI
53;RIZE;1332;FINDIKLI
53;RIZE;NULL;GÖLBASI
53;RIZE;1796;GÜNEYSU
53;RIZE;1943;HEMSIN
53;RIZE;1405;IKIZDERE
53;RIZE;1949;IYIDERE
53;RIZE;1428;KALKANDERE
53;RIZE;1586;MERKEZ
54;SAKARYA;2068;ADAPAZARI
54;SAKARYA;1123;AKYAZI
54;SAKARYA;2069;ARIFIYE
54;SAKARYA;2070;ERENLER
54;SAKARYA;1925;FERIZLI
54;SAKARYA;1351;GEYVE
54;SAKARYA;1391;HENDEK
54;SAKARYA;1955;KARAPÜRÇEK
54;SAKARYA;1442;KARASU
54;SAKARYA;1453;KAYNARCA
54;SAKARYA;1818;KOCAALI
54;SAKARYA;1833;PAMUKOVA
54;SAKARYA;1595;SAPANCA
54;SAKARYA;2071;SERDIVAN
54;SAKARYA;1986;SÖGÜTLÜ
54;SAKARYA;1847;TARAKLI
55;SAMSUN;1125;ALAÇAM
55;SAMSUN;1763;ASARCIK
55;SAMSUN;2072;ATAKUM
55;SAMSUN;1164;BAFRA
55;SAMSUN;2073;CANIK
55;SAMSUN;1234;ÇARSAMBA
55;SAMSUN;NULL;GÖLBASI
55;SAMSUN;1386;HAVZA
55;SAMSUN;2074;ILKADIM
55;SAMSUN;1452;KAVAK
55;SAMSUN;1501;LADIK
55;SAMSUN;1830;ONDOKUZMAYIS
55;SAMSUN;1838;SALIPAZARI
55;SAMSUN;1849;TEKKEKÖY
55;SAMSUN;1676;TERME
55;SAMSUN;1712;VEZIRKÖPRÜ
55;SAMSUN;1993;YAKAKENT
56;SIIRT;1878;AYDINLAR
56;SIIRT;1179;BAYKAN
56;SIIRT;1317;ERUH
56;SIIRT;1495;KURTALAN
56;SIIRT;1620;MERKEZ
56;SIIRT;1575;PERVARI
56;SIIRT;1662;SIRVAN
57;SINOP;1156;AYANCIK
57;SINOP;1204;BOYABAT
57;SINOP;1910;DIKMEN
57;SINOP;1290;DURAGAN
57;SINOP;1314;ERFELEK
57;SINOP;1349;GERZE
57;SINOP;1627;MERKEZ
57;SINOP;1981;SARAYDÜZÜ
57;SINOP;1693;TÜRKELI
58;SIVAS;1870;AKINCILAR
58;SIVAS;1282;DIVRIGI
58;SIVAS;1913;DOGANSAR
58;SIVAS;1342;GEMEREK
58;SIVAS;NULL;GÖLBASI
58;SIVAS;1927;GÖLOVA
58;SIVAS;1373;GÜRÜN
58;SIVAS;1376;HAFIK
58;SIVAS;1407;IMRANLI
58;SIVAS;1431;KANGAL
58;SIVAS;1484;KOYULHISAR
58;SIVAS;1628;MERKEZ
58;SIVAS;1650;SARKISLA
58;SIVAS;1646;SUSEHRI
58;SIVAS;1991;ULAS
58;SIVAS;1731;YILDIZELI
58;SIVAS;1738;ZARA
59;TEKIRDAG;1250;ÇERKEZKÖY
59;TEKIRDAG;1258;ÇORLU
59;TEKIRDAG;NULL;GÖLBASI
59;TEKIRDAG;1388;HAYRABOLU
59;TEKIRDAG;1511;MALKARA
59;TEKIRDAG;1825;MARMARAEREGLISI
59;TEKIRDAG;1673;MERKEZ
59;TEKIRDAG;1538;MURATLI
59;TEKIRDAG;1652;SARKÖY
60;TOKAT;1129;ALMUS
60;TOKAT;1151;ARTOVA
60;TOKAT;1883;BASÇIFTLIK
60;TOKAT;1308;ERBAA
60;TOKAT;NULL;GÖLBASI
60;TOKAT;1679;MERKEZ
60;TOKAT;1545;NIKSAR
60;TOKAT;1584;RESADIYE
60;TOKAT;1987;SULUSARAY
60;TOKAT;1690;TURHAL
60;TOKAT;1740;ZILE
61;TRABZON;1113;AKÇAABAT
61;TRABZON;1141;ARAKLI
61;TRABZON;1150;ARSIN
61;TRABZON;1775;BESIKDÜZÜ
61;TRABZON;1896;ÇARSIBASI
61;TRABZON;1244;ÇAYKARA
61;TRABZON;1909;DERNEKPAZARI
61;TRABZON;1917;DÜZKÖY
61;TRABZON;NULL;GÖLBASI
61;TRABZON;1942;HAYRAT
61;TRABZON;1507;MAÇKA
61;TRABZON;1686;MERKEZ
61;TRABZON;1548;OF
61;TRABZON;1842;SALPAZARI
61;TRABZON;1647;SÜRMENE
61;TRABZON;1681;TONYA
61;TRABZON;1709;VAKFIKEBIR
61;TRABZON;1732;YOMRA
62;TUNCELI;1247;ÇEMISGEZEK
62;TUNCELI;NULL;GÖLBASI
62;TUNCELI;1397;HOZAT
62;TUNCELI;1518;MAZGIRT
62;TUNCELI;1688;MERKEZ
62;TUNCELI;1541;NAZIMIYE
62;TUNCELI;1574;PERTEK
62;TUNCELI;1581;PÜLÜMÜR
63;SANLIURFA;1115;AKÇAKALE
63;SANLIURFA;1194;BIRECIK
63;SANLIURFA;1209;BOZOVA
63;SANLIURFA;1220;CEYLANPINAR
63;SANLIURFA;1378;HALFETI
63;SANLIURFA;1800;HARRAN
63;SANLIURFA;1393;HILVAN
63;SANLIURFA;1702;MERKEZ
63;SANLIURFA;1630;SIVEREK
63;SANLIURFA;1643;SURUÇ
63;SANLIURFA;1713;VIRANSEHIR
64;USAK;1170;BANAZ
64;USAK;1323;ESME
64;USAK;NULL;GÖLBASI
64;USAK;1436;KARAHALLI
64;USAK;1704;MERKEZ
64;USAK;1629;SIVASLI
65;VAN;1770;BAHÇESARAY
65;VAN;1175;BASKALE
65;VAN;1786;ÇALDIRAN
65;VAN;1236;ÇATAK
65;VAN;1309;ERCIS
65;VAN;1350;GEVAS
65;VAN;NULL;GÖLBASI
65;VAN;1372;GÜRPINAR
65;VAN;1710;MERKEZ
65;VAN;1533;MURADIYE
65;VAN;1565;ÖZALP
66;YOZGAT;1117;AKDAGMADENI
66;YOZGAT;1198;BOGAZLIYAN
66;YOZGAT;1895;ÇANDIR
66;YOZGAT;1242;ÇAYIRALAN
66;YOZGAT;1245;ÇEKEREK
66;YOZGAT;NULL;GÖLBASI
66;YOZGAT;1952;KADISEHRI
66;YOZGAT;1733;MERKEZ
66;YOZGAT;1982;SARAYKENT
66;YOZGAT;1602;SARIKAYA
66;YOZGAT;1655;SEFAATLI
66;YOZGAT;1635;SORGUN
66;YOZGAT;1998;YENIFAKILI
66;YOZGAT;1726;YERKÖY
67;ZONGULDAK;1758;ALAPLI
67;ZONGULDAK;1240;ÇAYCUMA
67;ZONGULDAK;1276;DEVREK
67;ZONGULDAK;1926;GÖKÇEBEY
67;ZONGULDAK;NULL;GÖLBASI
67;ZONGULDAK;1741;MERKEZ
68;AKSARAY;1860;AGAÇÖREN
68;AKSARAY;1921;ESKIL
68;AKSARAY;1932;GÜLAGAÇ
68;AKSARAY;1861;GÜZELYURT
68;AKSARAY;1120;MERKEZ
68;AKSARAY;1557;ORTAKÖY
68;AKSARAY;1866;SARIYAHSI
69;BAYBURT;1767;AYDINTEPE
69;BAYBURT;1788;DEMIRÖZÜ
69;BAYBURT;1176;MERKEZ
70;KARAMAN;1768;AYRANCI
70;KARAMAN;1884;BASYAYLA
70;KARAMAN;1316;ERMENEK
70;KARAMAN;1862;KAZIMKARABEKIR
70;KARAMAN;1439;MERKEZ
70;KARAMAN;1983;SARIVELILER
71;KIRIKKALE;1880;BAHSILI
71;KIRIKKALE;1882;BALISEYH
71;KIRIKKALE;1901;ÇELEBI
71;KIRIKKALE;1268;DELICE
71;KIRIKKALE;1954;KARAKEÇILI
71;KIRIKKALE;1463;KESKIN
71;KIRIKKALE;1469;MERKEZ
71;KIRIKKALE;1638;SULAKYURT
71;KIRIKKALE;1992;YAHSIHAN
72;BATMAN;1184;BESIRI
72;BATMAN;1345;GERCÜS
72;BATMAN;1941;HASANKEYF
72;BATMAN;1487;KOZLUK
72;BATMAN;1174;MERKEZ
72;BATMAN;1607;SASON
73;SIRNAK;1189;BEYTÜSSEBAP
73;SIRNAK;1223;CIZRE
73;SIRNAK;1931;GÜÇLÜKONAK
73;SIRNAK;1403;IDIL
73;SIRNAK;1661;MERKEZ
73;SIRNAK;1623;SILOPI
73;SIRNAK;1698;ULUDERE
74;BARTIN;1761;AMASRA
74;BARTIN;1496;KURUCASILE
74;BARTIN;1172;MERKEZ
74;BARTIN;1701;ULUS
75;ARDAHAN;1252;ÇILDIR
75;ARDAHAN;2008;DAMAL
75;ARDAHAN;1356;GÖLE
75;ARDAHAN;1380;HANAK
75;ARDAHAN;1144;MERKEZ
75;ARDAHAN;1579;POSOF
76;IGDIR;1142;ARALIK
76;IGDIR;2011;KARAKOYUNLU
76;IGDIR;1398;MERKEZ
76;IGDIR;1692;TUZLUCA
77;YALOVA;2019;ALTINOVA
77;YALOVA;2020;ARMUTLU
77;YALOVA;2022;ÇIFTLIKKÖY
77;YALOVA;2021;ÇINARCIK
77;YALOVA;1716;MERKEZ
77;YALOVA;2026;TERMAL
78;KARABÜK;1296;EFLANI
78;KARABÜK;1321;ESKIPAZAR
78;KARABÜK;NULL;GÖLBASI
78;KARABÜK;1433;MERKEZ
78;KARABÜK;1587;SAFRANBOLU
79;KILIS;2023;ELBEYLI
79;KILIS;1476;MERKEZ
79;KILIS;2024;MUSABEYLI
79;KILIS;2025;POLATELI
80;OSMANIYE;1165;BAHÇE
80;OSMANIYE;1743;DÜZIÇI
80;OSMANIYE;2027;HASANBEYLI
80;OSMANIYE;1423;KADIRLI
80;OSMANIYE;1560;MERKEZ
80;OSMANIYE;2028;SUMBAS
80;OSMANIYE;2029;TOPRAKKALE
81;DÜZCE;1116;AKÇAKOCA
81;DÜZCE;1905;ÇILIMLI
81;DÜZCE;1784;CUMAYERI
81;DÜZCE;1794;GÖLYAKA
81;DÜZCE;2017;GÜMÜSOVA
81;DÜZCE;2031;KAYNASLI
81;DÜZCE;1292;MERKEZ
81;DÜZCE;1730;YIGILCA
