city_code;city;town_code;town;percentage
1;ADANA;1757;ALADAG;2,69
1;ADANA;1219;CEYHAN;2,69
1;ADANA;2033;ÇUKUROVA;2,69
1;ADANA;1329;FEKE;2,69
1;ADANA;1806;IMAMOGLU;2,69
1;ADANA;1437;KARAISALI;2,69
1;ADANA;1443;KARATAS;2,69
1;ADANA;1486;KOZAN;2,69
1;ADANA;1580;POZANTI;2,69
1;ADANA;1588;SAIMBEYLI;2,69
1;ADANA;2032;SARIÇAM;2,69
1;ADANA;1104;SEYHAN;2,69
1;ADANA;1687;TUFANBEYLI;2,69
1;ADANA;1734;YUMURTALIK;2,69
1;ADANA;1748;YÜREGIR;2,69
2;ADIYAMAN;1182;BESNI;1,01
2;ADIYAMAN;1246;ÇELIKHAN;1,01
2;ADIYAMAN;1347;GERGER;1,01
2;ADIYAMAN;1354;GÖLBASI;1,01
2;ADIYAMAN;1425;KAHTA;1,01
2;ADIYAMAN;1105;MERKEZ;1,01
2;ADIYAMAN;1592;SAMSAT;1,01
2;ADIYAMAN;1985;SINCIK;1,01
2;ADIYAMAN;1989;TUT;1,01
3;AFYONKARAHISAR;1771;BASMAKÇI;0,95
3;AFYONKARAHISAR;1200;BOLVADIN;0,95
3;AFYONKARAHISAR;1239;ÇAY;0,95
3;AFYONKARAHISAR;1906;ÇOBANLAR;0,95
3;AFYONKARAHISAR;1267;DAZKIRI;0,95
3;AFYONKARAHISAR;1281;DINAR;0,95
3;AFYONKARAHISAR;1306;EMIRDAG;0,95
3;AFYONKARAHISAR;1923;EVCILER;0,95
3;AFYONKARAHISAR;NULL;GÖLBASI;0,95
3;AFYONKARAHISAR;1944;HOCALAR;0,95
3;AFYONKARAHISAR;1404;IHSANIYE;0,95
3;AFYONKARAHISAR;1809;ISCEHISAR;0,95
3;AFYONKARAHISAR;1961;KIZILÖREN;0,95
3;AFYONKARAHISAR;1108;MERKEZ;0,95
3;AFYONKARAHISAR;1594;SANDIKLI;0,95
3;AFYONKARAHISAR;1626;SINANPASA;0,95
3;AFYONKARAHISAR;1664;SUHUT;0,95
3;AFYONKARAHISAR;1639;SULTANDAGI;0,95
4;AGRI;1283;DIYADIN;0,67
4;AGRI;1287;DOGUBAYAZIT;0,67
4;AGRI;1301;ELESKIRT;0,67
4;AGRI;1379;HAMUR;0,67
4;AGRI;1111;MERKEZ;0,67
4;AGRI;1568;PATNOS;0,67
4;AGRI;1667;TASLIÇAY;0,67
4;AGRI;1691;TUTAK;0,67
5;AMASYA;1363;GÖYNÜCEK;0,4
5;AMASYA;1368;GÜMÜSHACIKÖY;0,4
5;AMASYA;1938;HAMAMÖZÜ;0,4
5;AMASYA;1134;MERKEZ;0,4
5;AMASYA;1524;MERZIFON;0,4
5;AMASYA;1641;SULUOVA;0,4
5;AMASYA;1668;TASOVA;0,4
6;ANKARA;1872;AKYURT;5,54
6;ANKARA;1130;ALTINDAG;5,54
6;ANKARA;1157;AYAS;5,54
6;ANKARA;1167;BALA;5,54
6;ANKARA;1187;BEYPAZARI;5,54
6;ANKARA;1227;ÇAMLIDERE;5,54
6;ANKARA;1231;ÇANKAYA;5,54
6;ANKARA;1260;ÇUBUK;5,54
6;ANKARA;1302;ELMADAG;5,54
6;ANKARA;1922;ETIMESGUT;5,54
6;ANKARA;1924;EVREN;5,54
6;ANKARA;1744;GÖLBASI;5,54
6;ANKARA;1365;GÜDÜL;5,54
6;ANKARA;1387;HAYMANA;5,54
6;ANKARA;1427;KALECIK;5,54
6;ANKARA;1815;KAZAN;5,54
6;ANKARA;1745;KEÇIÖREN;5,54
6;ANKARA;1473;KIZILCAHAMAM;5,54
6;ANKARA;1746;MAMAK;5,54
6;ANKARA;1539;NALLIHAN;5,54
6;ANKARA;1578;POLATLI;5,54
6;ANKARA;2034;PURSAKLAR;5,54
6;ANKARA;1658;SEREFLIKOÇHISAR;5,54
6;ANKARA;1747;SINCAN;5,54
6;ANKARA;1723;YENIMAHALLE;5,54
7;ANTALYA;1121;AKSEKI;3,73
7;ANTALYA;2035;AKSU;3,73
7;ANTALYA;1126;ALANYA;3,73
7;ANTALYA;1811;DEMRE;3,73
7;ANTALYA;2036;DÖSEMEALTI;3,73
7;ANTALYA;1303;ELMALI;3,73
7;ANTALYA;1333;FINIKE;3,73
7;ANTALYA;1337;GAZIPASA;3,73
7;ANTALYA;NULL;GÖLBASI;3,73
7;ANTALYA;1370;GÜNDOGMUS;3,73
7;ANTALYA;1946;IBRADI;3,73
7;ANTALYA;1451;KAS;3,73
7;ANTALYA;2037;KEPEZ;3,73
7;ANTALYA;2038;KONYAALTI;3,73
7;ANTALYA;1483;KORKUTELI;3,73
7;ANTALYA;1492;KUMLUCA;3,73
7;ANTALYA;1512;MANAVGAT;3,73
7;ANTALYA;2039;MURATPASA;3,73
7;ANTALYA;1616;SERIK;3,73
8;ARTVIN;1145;ARDANUÇ;0,28
8;ARTVIN;1147;ARHAVI;0,28
8;ARTVIN;1202;BORÇKA;0,28
8;ARTVIN;1395;HOPA;0,28
8;ARTVIN;1152;MERKEZ;0,28
8;ARTVIN;1828;MURGUL;0,28
8;ARTVIN;1653;SAVSAT;0,28
8;ARTVIN;1736;YUSUFELI;0,28
9;AYDIN;1206;BOZDOGAN;1,71
9;AYDIN;1781;BUHARKENT;1,71
9;AYDIN;1256;ÇINE;1,71
9;AYDIN;2000;DIDIM;1,71
9;AYDIN;1348;GERMENCIK;1,71
9;AYDIN;NULL;GÖLBASI;1,71
9;AYDIN;1807;INCIRLIOVA;1,71
9;AYDIN;1435;KARACASU;1,71
9;AYDIN;1957;KARPUZLU;1,71
9;AYDIN;1479;KOÇARLI;1,71
9;AYDIN;1968;KÖSK;1,71
9;AYDIN;1497;KUSADASI;1,71
9;AYDIN;1498;KUYUCAK;1,71
9;AYDIN;1159;MERKEZ;1,71
9;AYDIN;1542;NAZILLI;1,71
9;AYDIN;1637;SÖKE;1,71
9;AYDIN;1640;SULTANHISAR;1,71
10;BALIKESIR;1161;AYVALIK;2,21
10;BALIKESIR;1169;BALYA;2,21
10;BALIKESIR;1171;BANDIRMA;2,21
10;BALIKESIR;1191;BIGADIÇ;2,21
10;BALIKESIR;1216;BURHANIYE;2,21
10;BALIKESIR;1291;DURSUNBEY;2,21
10;BALIKESIR;1310;ERDEK;2,21
10;BALIKESIR;NULL;GÖLBASI;2,21
10;BALIKESIR;1928;GÖMEÇ;2,21
10;BALIKESIR;1384;HAVRAN;2,21
10;BALIKESIR;1418;IVRINDI;2,21
10;BALIKESIR;1462;KEPSUT;2,21
10;BALIKESIR;1514;MANYAS;2,21
10;BALIKESIR;1824;MARMARA;2,21
10;BALIKESIR;1168;MERKEZ;2,21
10;BALIKESIR;1608;SAVASTEPE;2,21
10;BALIKESIR;1619;SINDIRGI;2,21
10;BALIKESIR;1644;SUSURLUK;2,21
11;BILECIK;1210;BOZÜYÜK;0,29
11;BILECIK;NULL;GÖLBASI;0,29
11;BILECIK;1359;GÖLPAZARI;0,29
11;BILECIK;1948;INHISAR;0,29
11;BILECIK;1192;MERKEZ;0,29
11;BILECIK;1559;OSMANELI;0,29
11;BILECIK;1571;PAZARYERI;0,29
11;BILECIK;1636;SÖGÜT;0,29
12;BINGÖL;1750;ADAKLI;0,33
12;BINGÖL;1344;GENÇ;0,33
12;BINGÖL;1446;KARLIOVA;0,33
12;BINGÖL;1475;KIGI;0,33
12;BINGÖL;1193;MERKEZ;0,33
12;BINGÖL;1633;SOLHAN;0,33
12;BINGÖL;1855;YAYLADERE;0,33
12;BINGÖL;1996;YEDISU;0,33
13;BITLIS;1106;ADILCEVAZ;0,28
13;BITLIS;1112;AHLAT;0,28
13;BITLIS;1798;GÜROYMAK;0,28
13;BITLIS;1394;HIZAN;0,28
13;BITLIS;1196;MERKEZ;0,28
13;BITLIS;1537;MUTKI;0,28
13;BITLIS;1669;TATVAN;0,28
14;BOLU;1916;DÖRTDIVAN;0,36
14;BOLU;1346;GEREDE;0,36
14;BOLU;1364;GÖYNÜK;0,36
14;BOLU;1466;KIBRISCIK;0,36
14;BOLU;1522;MENGEN;0,36
14;BOLU;1199;MERKEZ;0,36
14;BOLU;1531;MUDURNU;0,36
14;BOLU;1610;SEBEN;0,36
14;BOLU;1997;YENIÇAGA;0,36
15;BURDUR;1109;AGLASUN;0,38
15;BURDUR;1211;BUCAK;0,38
15;BURDUR;1899;ÇAVDIR;0,38
15;BURDUR;1903;ÇELTIKÇI;0,38
15;BURDUR;NULL;GÖLBASI;0,38
15;BURDUR;1357;GÖLHISAR;0,38
15;BURDUR;1813;KARAMANLI;0,38
15;BURDUR;1215;MERKEZ;0,38
15;BURDUR;1672;TEFENNI;0,38
15;BURDUR;1728;YESILOVA;0,38
16;BURSA;1783;BÜYÜKORHAN;3,44
16;BURSA;1343;GEMLIK;3,44
16;BURSA;1935;GÜRSU;3,44
16;BURSA;1799;HARMANCIK;3,44
16;BURSA;1411;INEGÖL;3,44
16;BURSA;1420;IZNIK;3,44
16;BURSA;1434;KARACABEY;3,44
16;BURSA;1457;KELES;3,44
16;BURSA;1960;KESTEL;3,44
16;BURSA;1530;MUDANYA;3,44
16;BURSA;1535;MUSTAFAKEMALPASA;3,44
16;BURSA;1829;NILÜFER;3,44
16;BURSA;1553;ORHANELI;3,44
16;BURSA;1554;ORHANGAZI;3,44
16;BURSA;1832;OSMANGAZI;3,44
16;BURSA;1725;YENISEHIR;3,44
16;BURSA;1859;YILDIRIM;3,44
17;ÇANAKKALE;1180;BAYRAMIÇ;0,47
17;ÇANAKKALE;1190;BIGA;0,47
17;ÇANAKKALE;1205;BOZCAADA;0,47
17;ÇANAKKALE;1229;ÇAN;0,47
17;ÇANAKKALE;1293;ECEABAT;0,47
17;ÇANAKKALE;1326;EZINE;0,47
17;ÇANAKKALE;1340;GELIBOLU;0,47
17;ÇANAKKALE;1408;GÖKÇEADA;0,47
17;ÇANAKKALE;NULL;GÖLBASI;0,47
17;ÇANAKKALE;1503;LAPSEKI;0,47
17;ÇANAKKALE;1230;MERKEZ;0,47
18;ÇANKIRI;1765;ATKARACALAR;0,24
18;ÇANKIRI;1885;BAYRAMÖREN;0,24
18;ÇANKIRI;1248;ÇERKES;0,24
18;ÇANKIRI;1300;ELDIVAN;0,24
18;ÇANKIRI;1399;ILGAZ;0,24
18;ÇANKIRI;1817;KIZILIRMAK;0,24
18;ÇANKIRI;1963;KORGUN;0,24
18;ÇANKIRI;1494;KURSUNLU;0,24
18;ÇANKIRI;1232;MERKEZ;0,24
18;ÇANKIRI;1555;ORTA;0,24
18;ÇANKIRI;1649;SABANÖZÜ;0,24
18;ÇANKIRI;1718;YAPRAKLI;0,24
19;ÇORUM;1124;ALACA;0,75
19;ÇORUM;1778;BOGAZKALE;0,75
19;ÇORUM;1911;DODURGA;0,75
19;ÇORUM;NULL;GÖLBASI;0,75
19;ÇORUM;1414;ISKILIP;0,75
19;ÇORUM;1445;KARGI;0,75
19;ÇORUM;1972;LAÇIN;0,75
19;ÇORUM;1520;MECITÖZÜ;0,75
19;ÇORUM;1259;MERKEZ;0,75
19;ÇORUM;1976;OGUZLAR;0,75
19;ÇORUM;1558;OSMANCIK;0,75
19;ÇORUM;1642;SUNGURLU;0,75
19;ÇORUM;1850;UGURLUDAG;0,75
20;DENIZLI;1102;ACIPAYAM;2
20;DENIZLI;1871;AKKÖY;2
20;DENIZLI;1769;BABADAG;2
20;DENIZLI;1881;BAKLAN;2
20;DENIZLI;1774;BEKILLI;2
20;DENIZLI;1888;BEYAGAÇ;2
20;DENIZLI;1214;BULDAN;2
20;DENIZLI;1224;ÇAL;2
20;DENIZLI;1226;ÇAMELI;2
20;DENIZLI;1233;ÇARDAK;2
20;DENIZLI;1257;ÇIVRIL;2
20;DENIZLI;NULL;GÖLBASI;2
20;DENIZLI;1371;GÜNEY;2
20;DENIZLI;1803;HONAZ;2
20;DENIZLI;1271;MERKEZ;2
20;DENIZLI;1597;SARAYKÖY;2
20;DENIZLI;1840;SERINHISAR;2
20;DENIZLI;1670;TAVAS;2
21;DIYARBAKIR;2040;BAGLAR;2,42
21;DIYARBAKIR;1195;BISMIL;2,42
21;DIYARBAKIR;1249;ÇERMIK;2,42
21;DIYARBAKIR;1253;ÇINAR;2,42
21;DIYARBAKIR;1263;ÇÜNGÜS;2,42
21;DIYARBAKIR;1278;DICLE;2,42
21;DIYARBAKIR;1791;EGIL;2,42
21;DIYARBAKIR;1315;ERGANI;2,42
21;DIYARBAKIR;1381;HANI;2,42
21;DIYARBAKIR;1389;HAZRO;2,42
21;DIYARBAKIR;2041;KAYAPINAR;2,42
21;DIYARBAKIR;1962;KOCAKÖY;2,42
21;DIYARBAKIR;1490;KULP;2,42
21;DIYARBAKIR;1504;LICE;2,42
21;DIYARBAKIR;1624;SILVAN;2,42
21;DIYARBAKIR;2042;SUR;2,42
21;DIYARBAKIR;2043;YENISEHIR;2,42
22;EDIRNE;1307;ENEZ;0,5
22;EDIRNE;1385;HAVSA;0,5
22;EDIRNE;1412;IPSALA;0,5
22;EDIRNE;1464;KESAN;0,5
22;EDIRNE;1502;LALAPASA;0,5
22;EDIRNE;1523;MERIÇ;0,5
22;EDIRNE;1295;MERKEZ;0,5
22;EDIRNE;1988;SÜLOGLU;0,5
22;EDIRNE;1705;UZUNKÖPRÜ;0,5
23;ELAZIG;1110;AGIN;0,91
23;ELAZIG;1873;ALACAKAYA;0,91
23;ELAZIG;1762;ARICAK;0,91
23;ELAZIG;1173;BASKIL;0,91
23;ELAZIG;1438;KARAKOÇAN;0,91
23;ELAZIG;1455;KEBAN;0,91
23;ELAZIG;1820;KOVANCILAR;0,91
23;ELAZIG;1506;MADEN;0,91
23;ELAZIG;1298;MERKEZ;0,91
23;ELAZIG;1566;PALU;0,91
23;ELAZIG;1631;SIVRICE;0,91
24;ERZINCAN;1243;ÇAYIRLI;0,42
24;ERZINCAN;1406;ILIÇ;0,42
24;ERZINCAN;1459;KEMAH;0,42
24;ERZINCAN;1460;KEMALIYE;0,42
24;ERZINCAN;1318;MERKEZ;0,42
24;ERZINCAN;1977;OTLUKBELI;0,42
24;ERZINCAN;1583;REFAHIYE;0,42
24;ERZINCAN;1675;TERCAN;0,42
24;ERZINCAN;1853;ÜZÜMLÜ;0,42
25;ERZURUM;1153;ASKALE;1,1
25;ERZURUM;1945;AZIZIYE;1,1
25;ERZURUM;1235;ÇAT;1,1
25;ERZURUM;1392;HINIS;1,1
25;ERZURUM;1396;HORASAN;1,1
25;ERZURUM;1416;ISPIR;1,1
25;ERZURUM;1812;KARAÇOBAN;1,1
25;ERZURUM;1444;KARAYAZI;1,1
25;ERZURUM;1967;KÖPRÜKÖY;1,1
25;ERZURUM;1540;NARMAN;1,1
25;ERZURUM;1550;OLTU;1,1
25;ERZURUM;1551;OLUR;1,1
25;ERZURUM;2044;PALANDÖKEN;1,1
25;ERZURUM;1567;PASINLER;1,1
25;ERZURUM;1865;PAZARYOLU;1,1
25;ERZURUM;1657;SENKAYA;1,1
25;ERZURUM;1674;TEKMAN;1,1
25;ERZURUM;1683;TORTUM;1,1
25;ERZURUM;1851;UZUNDERE;1,1
25;ERZURUM;2045;YAKUTIYE;1,1
26;ESKISEHIR;1759;ALPU;1,41
26;ESKISEHIR;1777;BEYLIKOVA;1,41
26;ESKISEHIR;1255;ÇIFTELER;1,41
26;ESKISEHIR;1934;GÜNYÜZÜ;1,41
26;ESKISEHIR;1939;HAN;1,41
26;ESKISEHIR;1808;INÖNÜ;1,41
26;ESKISEHIR;1508;MAHMUDIYE;1,41
26;ESKISEHIR;1973;MIHALGAZI;1,41
26;ESKISEHIR;NULL;MIHALIÇÇIK;1,41
26;ESKISEHIR;2046;ODUNPAZARI;1,41
26;ESKISEHIR;1599;SARICAKAYA;1,41
26;ESKISEHIR;1618;SEYITGAZI;1,41
26;ESKISEHIR;1632;SIVRIHISAR;1,41
26;ESKISEHIR;2047;TEPEBASI;1,41
27;GAZIANTEP;1139;ARABAN;2,31
27;GAZIANTEP;1415;ISLAHIYE;2,31
27;GAZIANTEP;1956;KARKAMIS;2,31
27;GAZIANTEP;1546;NIZIP;2,31
27;GAZIANTEP;1974;NURDAGI;2,31
27;GAZIANTEP;1549;OGUZELI;2,31
27;GAZIANTEP;1841;SAHINBEY;2,31
27;GAZIANTEP;1844;SEHITKAMIL;2,31
27;GAZIANTEP;1720;YAVUZELI;2,31
28;GIRESUN;1133;ALUCRA;0,56
28;GIRESUN;1212;BULANCAK;0,56
28;GIRESUN;1893;ÇAMOLUK;0,56
28;GIRESUN;1894;ÇANAKÇI;0,56
28;GIRESUN;1272;DERELI;0,56
28;GIRESUN;1912;DOGANKENT;0,56
28;GIRESUN;1320;ESPIYE;0,56
28;GIRESUN;1324;EYNESIL;0,56
28;GIRESUN;1361;GÖRELE;0,56
28;GIRESUN;1930;GÜCE;0,56
28;GIRESUN;1465;KESAP;0,56
28;GIRESUN;1352;MERKEZ;0,56
28;GIRESUN;1837;PIRAZIZ;0,56
28;GIRESUN;1654;SEBINKARAHISAR;0,56
28;GIRESUN;1678;TIREBOLU;0,56
28;GIRESUN;1854;YAGLIDERE;0,56
29;GÜMÜSHANE;1458;KELKIT;0,22
29;GÜMÜSHANE;1822;KÖSE;0,22
29;GÜMÜSHANE;1971;KÜRTÜN;0,22
29;GÜMÜSHANE;1369;MERKEZ;0,22
29;GÜMÜSHANE;1660;SIRAN;0,22
29;GÜMÜSHANE;1684;TORUL;0,22
30;HAKKARI;1261;ÇUKURCA;0,2
30;HAKKARI;1377;MERKEZ;0,2
30;HAKKARI;1656;SEMDINLI;0,2
30;HAKKARI;1737;YÜKSEKOVA;0,2
31;HATAY;1131;ALTINÖZÜ;2,04
31;HATAY;1887;BELEN;2,04
31;HATAY;1289;DÖRTYOL;2,04
31;HATAY;1792;ERZIN;2,04
31;HATAY;1382;HASSA;2,04
31;HATAY;1413;ISKENDERUN;2,04
31;HATAY;1468;KIRIKHAN;2,04
31;HATAY;1970;KUMLU;2,04
31;HATAY;1383;MERKEZ;2,04
31;HATAY;1585;REYHANLI;2,04
31;HATAY;1591;SAMANDAG;2,04
31;HATAY;1721;YAYLADAGI;2,04
32;ISPARTA;1755;AKSU;0,75
32;ISPARTA;1154;ATABEY;0,75
32;ISPARTA;1297;EGIRDIR;0,75
32;ISPARTA;1341;GELENDOST;0,75
32;ISPARTA;NULL;GÖLBASI;0,75
32;ISPARTA;1456;KEÇIBORLU;0,75
32;ISPARTA;1401;MERKEZ;0,75
32;ISPARTA;1651;SARKIKARAAGAÇ;0,75
32;ISPARTA;1615;SENIRKENT;0,75
32;ISPARTA;1648;SÜTÇÜLER;0,75
32;ISPARTA;1699;ULUBORLU;0,75
32;ISPARTA;1717;YALVAÇ;0,75
32;ISPARTA;2001;YENISARBADEMLI;0,75
33;MERSIN;2064;AKDENIZ;2,21
33;MERSIN;1135;ANAMUR;2,21
33;MERSIN;1779;BOZYAZI;2,21
33;MERSIN;1892;ÇAMLIYAYLA;2,21
33;MERSIN;1311;ERDEMLI;2,21
33;MERSIN;NULL;GÖLBASI;2,21
33;MERSIN;1366;GÜLNAR;2,21
33;MERSIN;2065;MEZITLI;2,21
33;MERSIN;1536;MUT;2,21
33;MERSIN;1621;SILIFKE;2,21
33;MERSIN;1665;TARSUS;2,21
33;MERSIN;2066;TOROSLAR;2,21
33;MERSIN;2067;YENISEHIR;2,21
34;ISTANBUL;1103;ADALAR;16,75
34;ISTANBUL;2048;ARNAVUTKÖY;16,75
34;ISTANBUL;2049;ATASEHIR;16,75
34;ISTANBUL;2003;AVCILAR;16,75
34;ISTANBUL;2004;BAGCILAR;16,75
34;ISTANBUL;2005;BAHÇELIEVLER;16,75
34;ISTANBUL;1166;BAKIRKÖY;16,75
34;ISTANBUL;2050;BASAKSEHIR;16,75
34;ISTANBUL;1886;BAYRAMPASA;16,75
34;ISTANBUL;1183;BESIKTAS;16,75
34;ISTANBUL;1185;BEYKOZ;16,75
34;ISTANBUL;2051;BEYLIKDÜZÜ;16,75
34;ISTANBUL;1186;BEYOGLU;16,75
34;ISTANBUL;1782;BÜYÜKÇEKMECE;16,75
34;ISTANBUL;1237;ÇATALCA;16,75
34;ISTANBUL;2052;ÇEKMEKÖY;16,75
34;ISTANBUL;2016;ESENLER;16,75
34;ISTANBUL;2053;ESENYURT;16,75
34;ISTANBUL;1325;EYÜP;16,75
34;ISTANBUL;1327;FATIH;16,75
34;ISTANBUL;1336;GAZIOSMANPASA;16,75
34;ISTANBUL;2010;GÜNGÖREN;16,75
34;ISTANBUL;1421;KADIKÖY;16,75
34;ISTANBUL;1810;KAGITHANE;16,75
34;ISTANBUL;1449;KARTAL;16,75
34;ISTANBUL;1823;KÜÇÜKÇEKMECE;16,75
34;ISTANBUL;2012;MALTEPE;16,75
34;ISTANBUL;1835;PENDIK;16,75
34;ISTANBUL;2054;SANCAKTEPE;16,75
34;ISTANBUL;1604;SARIYER;16,75
34;ISTANBUL;1659;SILE;16,75
34;ISTANBUL;1622;SILIVRI;16,75
34;ISTANBUL;1663;SISLI;16,75
34;ISTANBUL;2014;SULTANBEYLI;16,75
34;ISTANBUL;2055;SULTANGAZI;16,75
34;ISTANBUL;2015;TUZLA;16,75
34;ISTANBUL;1852;ÜMRANIYE;16,75
34;ISTANBUL;1708;ÜSKÜDAR;16,75
34;ISTANBUL;1739;ZEYTINBURNU;16,75
35;IZMIR;1128;ALIAGA;7,23
35;IZMIR;2006;BALÇOVA;7,23
35;IZMIR;1178;BAYINDIR;7,23
35;IZMIR;2056;BAYRAKLI;7,23
35;IZMIR;1181;BERGAMA;7,23
35;IZMIR;1776;BEYDAG;7,23
35;IZMIR;1203;BORNOVA;7,23
35;IZMIR;1780;BUCA;7,23
35;IZMIR;1251;ÇESME;7,23
35;IZMIR;2007;ÇIGLI;7,23
35;IZMIR;1280;DIKILI;7,23
35;IZMIR;1334;FOÇA;7,23
35;IZMIR;2009;GAZIEMIR;7,23
35;IZMIR;2018;GÜZELBAHÇE;7,23
35;IZMIR;2057;KARABAGLAR;7,23
35;IZMIR;1432;KARABURUN;7,23
35;IZMIR;1448;KARSIYAKA;7,23
35;IZMIR;1461;KEMALPASA;7,23
35;IZMIR;1467;KINIK;7,23
35;IZMIR;1477;KIRAZ;7,23
35;IZMIR;1819;KONAK;7,23
35;IZMIR;1826;MENDERES;7,23
35;IZMIR;1521;MENEMEN;7,23
35;IZMIR;2013;NARLIDERE;7,23
35;IZMIR;1563;ÖDEMIS;7,23
35;IZMIR;1611;SEFERIHISAR;7,23
35;IZMIR;1612;SELÇUK;7,23
35;IZMIR;1677;TIRE;7,23
35;IZMIR;1682;TORBALI;7,23
35;IZMIR;1703;URLA;7,23
36;KARS;1756;AKYAKA;0,36
36;KARS;1149;ARPAÇAY;0,36
36;KARS;1279;DIGOR;0,36
36;KARS;1424;KAGIZMAN;0,36
36;KARS;1447;MERKEZ;0,36
36;KARS;1601;SARIKAMIS;0,36
36;KARS;1614;SELIM;0,36
36;KARS;1645;SUSUZ;0,36
37;KASTAMONU;1101;ABANA;0,54
37;KASTAMONU;1867;AGLI;0,54
37;KASTAMONU;1140;ARAÇ;0,54
37;KASTAMONU;1162;AZDAVAY;0,54
37;KASTAMONU;1238;ÇATALZEYTIN;0,54
37;KASTAMONU;1221;CIDE;0,54
37;KASTAMONU;1264;DADAY;0,54
37;KASTAMONU;1277;DEVREKANI;0,54
37;KASTAMONU;1915;DOGANYURT;0,54
37;KASTAMONU;NULL;GÖLBASI;0,54
37;KASTAMONU;1940;HANÖNÜ;0,54
37;KASTAMONU;1805;IHSANGAZI;0,54
37;KASTAMONU;1410;INEBOLU;0,54
37;KASTAMONU;1499;KÜRE;0,54
37;KASTAMONU;1450;MERKEZ;0,54
37;KASTAMONU;1845;SENPAZAR;0,54
37;KASTAMONU;1984;SEYDILER;0,54
37;KASTAMONU;1666;TASKÖPRÜ;0,54
37;KASTAMONU;1685;TOSYA;0,54
38;KAYSERI;1752;AKKISLA;1,82
38;KAYSERI;1218;BÜNYAN;1,82
38;KAYSERI;1275;DEVELI;1,82
38;KAYSERI;1330;FELAHIYE;1,82
38;KAYSERI;NULL;GÖLBASI;1,82
38;KAYSERI;1936;HACILAR;1,82
38;KAYSERI;1409;INCESU;1,82
38;KAYSERI;1863;KOCASINAN;1,82
38;KAYSERI;1864;MELIKGAZI;1,82
38;KAYSERI;1978;ÖZVATAN;1,82
38;KAYSERI;1603;SARIOGLAN;1,82
38;KAYSERI;1605;SARIZ;1,82
38;KAYSERI;1846;TALAS;1,82
38;KAYSERI;1680;TOMARZA;1,82
38;KAYSERI;1715;YAHYALI;1,82
38;KAYSERI;1727;YESILHISAR;1,82
39;KIRKLARELI;1163;BABAESKI;0,36
39;KIRKLARELI;1270;DEMIRKÖY;0,36
39;KIRKLARELI;1480;KOFÇAZ;0,36
39;KIRKLARELI;1505;LÜLEBURGAZ;0,36
39;KIRKLARELI;1471;MERKEZ;0,36
39;KIRKLARELI;1572;PEHLIVANKÖY;0,36
39;KIRKLARELI;1577;PINARHISAR;0,36
39;KIRKLARELI;1714;VIZE;0,36
40;KIRSEHIR;1869;AKÇAKENT;0,24
40;KIRSEHIR;1754;AKPINAR;0,24
40;KIRSEHIR;1890;BOZTEPE;0,24
40;KIRSEHIR;1254;ÇIÇEKDAGI;0,24
40;KIRSEHIR;1429;KAMAN;0,24
40;KIRSEHIR;1472;MERKEZ;0,24
40;KIRSEHIR;1529;MUCUR;0,24
41;KOCAELI;2058;BASISKELE;2,54
41;KOCAELI;2059;ÇAYIROVA;2,54
41;KOCAELI;2060;DARICA;2,54
41;KOCAELI;2030;DERINCE;2,54
41;KOCAELI;2061;DILOVASI;2,54
41;KOCAELI;1338;GEBZE;2,54
41;KOCAELI;1355;GÖLCÜK;2,54
41;KOCAELI;2062;IZMIT;2,54
41;KOCAELI;1430;KANDIRA;2,54
41;KOCAELI;1440;KARAMÜRSEL;2,54
41;KOCAELI;2063;KARTEPE;2,54
41;KOCAELI;1821;KÖRFEZ;2,54
42;KONYA;1868;AHIRLI;2,92
42;KONYA;1753;AKÖREN;2,92
42;KONYA;1122;AKSEHIR;2,92
42;KONYA;1760;ALTINEKIN;2,92
42;KONYA;1188;BEYSEHIR;2,92
42;KONYA;1207;BOZKIR;2,92
42;KONYA;1902;ÇELTIK;2,92
42;KONYA;1222;CIHANBEYLI;2,92
42;KONYA;1262;ÇUMRA;2,92
42;KONYA;1907;DERBENT;2,92
42;KONYA;1789;DEREBUCAK;2,92
42;KONYA;1285;DOGANHISAR;2,92
42;KONYA;1920;EMIRGAZI;2,92
42;KONYA;NULL;GÖLBASI;2,92
42;KONYA;1933;GÜNEYSINIR;2,92
42;KONYA;1375;HADIM;2,92
42;KONYA;1937;HALKAPINAR;2,92
42;KONYA;1804;HÜYÜK;2,92
42;KONYA;1400;ILGIN;2,92
42;KONYA;1422;KADINHANI;2,92
42;KONYA;1441;KARAPINAR;2,92
42;KONYA;1814;KARATAY;2,92
42;KONYA;1491;KULU;2,92
42;KONYA;1827;MERAM;2,92
42;KONYA;1598;SARAYÖNÜ;2,92
42;KONYA;1839;SELÇUKLU;2,92
42;KONYA;1617;SEYDISEHIR;2,92
42;KONYA;1848;TASKENT;2,92
42;KONYA;1990;TUZLUKÇU;2,92
42;KONYA;1994;YALIHÜYÜK;2,92
42;KONYA;1735;YUNAK;2,92
43;KÜTAHYA;1132;ALTINTAS;0,92
43;KÜTAHYA;1764;ASLANAPA;0,92
43;KÜTAHYA;1898;ÇAVDARHISAR;0,92
43;KÜTAHYA;1288;DOMANIÇ;0,92
43;KÜTAHYA;1790;DUMLUPINAR;0,92
43;KÜTAHYA;1304;EMET;0,92
43;KÜTAHYA;1339;GEDIZ;0,92
43;KÜTAHYA;1802;HISARCIK;0,92
43;KÜTAHYA;1500;MERKEZ;0,92
43;KÜTAHYA;1979;PAZARLAR;0,92
43;KÜTAHYA;1843;SAPHANE;0,92
43;KÜTAHYA;1625;SIMAV;0,92
43;KÜTAHYA;1671;TAVSANLI;0,92
44;MALATYA;1114;AKÇADAG;0,98
44;MALATYA;1143;ARAPGIR;0,98
44;MALATYA;1148;ARGUVAN;0,98
44;MALATYA;1772;BATTALGAZI;0,98
44;MALATYA;1265;DARENDE;0,98
44;MALATYA;1286;DOGANSEHIR;0,98
44;MALATYA;1914;DOGANYOL;0,98
44;MALATYA;NULL;GÖLBASI;0,98
44;MALATYA;1390;HEKIMHAN;0,98
44;MALATYA;1969;KULUNCAK;0,98
44;MALATYA;1509;MERKEZ;0,98
44;MALATYA;1582;PÜTÜRGE;0,98
44;MALATYA;1995;YAZIHAN;0,98
45;MANISA;1751;AHMETLI;1,64
45;MANISA;1118;AKHISAR;1,64
45;MANISA;1127;ALASEHIR;1,64
45;MANISA;1269;DEMIRCI;1,64
45;MANISA;NULL;GÖLBASI;1,64
45;MANISA;1793;GÖLMARMARA;1,64
45;MANISA;1362;GÖRDES;1,64
45;MANISA;1470;KIRKAGAÇ;1,64
45;MANISA;1489;KULA;1,64
45;MANISA;1513;MERKEZ;1,64
45;MANISA;1590;SALIHLI;1,64
45;MANISA;1600;SARIGÖL;1,64
45;MANISA;1606;SARUHANLI;1,64
45;MANISA;1613;SELENDI;1,64
45;MANISA;1634;SOMA;1,64
45;MANISA;1689;TURGUTLU;1,64
46;KAHRAMANMARAS;1107;AFSIN;1,59
46;KAHRAMANMARAS;1136;ANDIRIN;1,59
46;KAHRAMANMARAS;NULL;ÇAGLAYANCERIT;1,59
46;KAHRAMANMARAS;1919;EKINÖZÜ;1,59
46;KAHRAMANMARAS;1299;ELBISTAN;1,59
46;KAHRAMANMARAS;1353;GÖKSUN;1,59
46;KAHRAMANMARAS;1515;MERKEZ;1,59
46;KAHRAMANMARAS;1975;NURHAK;1,59
46;KAHRAMANMARAS;1570;PAZARCIK;1,59
46;KAHRAMANMARAS;1694;TÜRKOGLU;1,59
47;MARDIN;1787;DARGEÇIT;1,11
47;MARDIN;1273;DERIK;1,11
47;MARDIN;1474;KIZILTEPE;1,11
47;MARDIN;1519;MAZIDAGI;1,11
47;MARDIN;1516;MERKEZ;1,11
47;MARDIN;1526;MIDYAT;1,11
47;MARDIN;1547;NUSAYBIN;1,11
47;MARDIN;1564;ÖMERLI;1,11
47;MARDIN;1609;SAVUR;1,11
47;MARDIN;2002;YESILLI;1,11
48;MUGLA;1197;BODRUM;1,25
48;MUGLA;1742;DALAMAN;1,25
48;MUGLA;1266;DATÇA;1,25
48;MUGLA;1331;FETHIYE;1,25
48;MUGLA;1958;KAVAKLIDERE;1,25
48;MUGLA;1488;KÖYCEGIZ;1,25
48;MUGLA;1517;MARMARIS;1,25
48;MUGLA;1532;MERKEZ;1,25
48;MUGLA;1528;MILAS;1,25
48;MUGLA;1831;ORTACA;1,25
48;MUGLA;1695;ULA;1,25
48;MUGLA;1719;YATAGAN;1,25
49;MUS;1213;BULANIK;0,31
49;MUS;1801;HASKÖY;0,31
49;MUS;1964;KORKUT;0,31
49;MUS;1510;MALAZGIRT;0,31
49;MUS;1534;MERKEZ;0,31
49;MUS;1711;VARTO;0,31
50;NEVSEHIR;1749;ACIGÖL;0,42
50;NEVSEHIR;1155;AVANOS;0,42
50;NEVSEHIR;1274;DERINKUYU;0,42
50;NEVSEHIR;1367;GÜLSEHIR;0,42
50;NEVSEHIR;1374;HACIBEKTAS;0,42
50;NEVSEHIR;1485;KOZAKLI;0,42
50;NEVSEHIR;1543;MERKEZ;0,42
50;NEVSEHIR;1707;ÜRGÜP;0,42
51;NIGDE;1876;ALTUNHISAR;0,39
51;NIGDE;1201;BOR;0,39
51;NIGDE;1225;ÇAMARDI;0,39
51;NIGDE;1904;ÇIFTLIK;0,39
51;NIGDE;1544;MERKEZ;0,39
51;NIGDE;1700;ULUKISLA;0,39
52;ORDU;1119;AKKUS;1,15
52;ORDU;1158;AYBASTI;1,15
52;ORDU;1891;ÇAMAS;1,15
52;ORDU;1897;ÇATALPINAR;1,15
52;ORDU;1900;ÇAYBASI;1,15
52;ORDU;1328;FATSA;1,15
52;ORDU;NULL;GÖLBASI;1,15
52;ORDU;1358;GÖLKÖY;1,15
52;ORDU;1795;GÜLYALI;1,15
52;ORDU;1797;GÜRGENTEPE;1,15
52;ORDU;1947;IKIZCE;1,15
52;ORDU;1950;KABADÜZ;1,15
52;ORDU;1951;KABATAS;1,15
52;ORDU;1482;KORGAN;1,15
52;ORDU;1493;KUMRU;1,15
52;ORDU;1552;MERKEZ;1,15
52;ORDU;1525;MESUDIYE;1,15
52;ORDU;1573;PERSEMBE;1,15
52;ORDU;1706;ÜNYE;1,15
53;RIZE;1146;ARDESEN;0,35
53;RIZE;1228;ÇAMLIHEMSIN;0,35
53;RIZE;1241;ÇAYELI;0,35
53;RIZE;1908;DEREPAZARI;0,35
53;RIZE;1332;FINDIKLI;0,35
53;RIZE;NULL;GÖLBASI;0,35
53;RIZE;1796;GÜNEYSU;0,35
53;RIZE;1943;HEMSIN;0,35
53;RIZE;1405;IKIZDERE;0,35
53;RIZE;1949;IYIDERE;0,35
53;RIZE;1428;KALKANDERE;0,35
53;RIZE;1586;MERKEZ;0,35
54;SAKARYA;2068;ADAPAZARI;1,48
54;SAKARYA;1123;AKYAZI;1,48
54;SAKARYA;2069;ARIFIYE;1,48
54;SAKARYA;2070;ERENLER;1,48
54;SAKARYA;1925;FERIZLI;1,48
54;SAKARYA;1351;GEYVE;1,48
54;SAKARYA;1391;HENDEK;1,48
54;SAKARYA;1955;KARAPÜRÇEK;1,48
54;SAKARYA;1442;KARASU;1,48
54;SAKARYA;1453;KAYNARCA;1,48
54;SAKARYA;1818;KOCAALI;1,48
54;SAKARYA;1833;PAMUKOVA;1,48
54;SAKARYA;1595;SAPANCA;1,48
54;SAKARYA;2071;SERDIVAN;1,48
54;SAKARYA;1986;SÖGÜTLÜ;1,48
54;SAKARYA;1847;TARAKLI;1,48
55;SAMSUN;1125;ALAÇAM;1,63
55;SAMSUN;1763;ASARCIK;1,63
55;SAMSUN;2072;ATAKUM;1,63
55;SAMSUN;1164;BAFRA;1,63
55;SAMSUN;2073;CANIK;1,63
55;SAMSUN;1234;ÇARSAMBA;1,63
55;SAMSUN;NULL;GÖLBASI;1,63
55;SAMSUN;1386;HAVZA;1,63
55;SAMSUN;2074;ILKADIM;1,63
55;SAMSUN;1452;KAVAK;1,63
55;SAMSUN;1501;LADIK;1,63
55;SAMSUN;1830;ONDOKUZMAYIS;1,63
55;SAMSUN;1838;SALIPAZARI;1,63
55;SAMSUN;1849;TEKKEKÖY;1,63
55;SAMSUN;1676;TERME;1,63
55;SAMSUN;1712;VEZIRKÖPRÜ;1,63
55;SAMSUN;1993;YAKAKENT;1,63
56;SIIRT;1878;AYDINLAR;0,39
56;SIIRT;1179;BAYKAN;0,39
56;SIIRT;1317;ERUH;0,39
56;SIIRT;1495;KURTALAN;0,39
56;SIIRT;1620;MERKEZ;0,39
56;SIIRT;1575;PERVARI;0,39
56;SIIRT;1662;SIRVAN;0,39
57;SINOP;1156;AYANCIK;0,19
57;SINOP;1204;BOYABAT;0,19
57;SINOP;1910;DIKMEN;0,19
57;SINOP;1290;DURAGAN;0,19
57;SINOP;1314;ERFELEK;0,19
57;SINOP;1349;GERZE;0,19
57;SINOP;1627;MERKEZ;0,19
57;SINOP;1981;SARAYDÜZÜ;0,19
57;SINOP;1693;TÜRKELI;0,19
58;SIVAS;1870;AKINCILAR;0,97
58;SIVAS;1282;DIVRIGI;0,97
58;SIVAS;1913;DOGANSAR;0,97
58;SIVAS;1342;GEMEREK;0,97
58;SIVAS;NULL;GÖLBASI;0,97
58;SIVAS;1927;GÖLOVA;0,97
58;SIVAS;1373;GÜRÜN;0,97
58;SIVAS;1376;HAFIK;0,97
58;SIVAS;1407;IMRANLI;0,97
58;SIVAS;1431;KANGAL;0,97
58;SIVAS;1484;KOYULHISAR;0,97
58;SIVAS;1628;MERKEZ;0,97
58;SIVAS;1650;SARKISLA;0,97
58;SIVAS;1646;SUSEHRI;0,97
58;SIVAS;1991;ULAS;0,97
58;SIVAS;1731;YILDIZELI;0,97
58;SIVAS;1738;ZARA;0,97
59;TEKIRDAG;1250;ÇERKEZKÖY;1,73
59;TEKIRDAG;1258;ÇORLU;1,73
59;TEKIRDAG;NULL;GÖLBASI;1,73
59;TEKIRDAG;1388;HAYRABOLU;1,73
59;TEKIRDAG;1511;MALKARA;1,73
59;TEKIRDAG;1825;MARMARAEREGLISI;1,73
59;TEKIRDAG;1673;MERKEZ;1,73
59;TEKIRDAG;1538;MURATLI;1,73
59;TEKIRDAG;1652;SARKÖY;1,73
60;TOKAT;1129;ALMUS;0,75
60;TOKAT;1151;ARTOVA;0,75
60;TOKAT;1883;BASÇIFTLIK;0,75
60;TOKAT;1308;ERBAA;0,75
60;TOKAT;NULL;GÖLBASI;0,75
60;TOKAT;1679;MERKEZ;0,75
60;TOKAT;1545;NIKSAR;0,75
60;TOKAT;1584;RESADIYE;0,75
60;TOKAT;1987;SULUSARAY;0,75
60;TOKAT;1690;TURHAL;0,75
60;TOKAT;1740;ZILE;0,75
61;TRABZON;1113;AKÇAABAT;1,29
61;TRABZON;1141;ARAKLI;1,29
61;TRABZON;1150;ARSIN;1,29
61;TRABZON;1775;BESIKDÜZÜ;1,29
61;TRABZON;1896;ÇARSIBASI;1,29
61;TRABZON;1244;ÇAYKARA;1,29
61;TRABZON;1909;DERNEKPAZARI;1,29
61;TRABZON;1917;DÜZKÖY;1,29
61;TRABZON;NULL;GÖLBASI;1,29
61;TRABZON;1942;HAYRAT;1,29
61;TRABZON;1507;MAÇKA;1,29
61;TRABZON;1686;MERKEZ;1,29
61;TRABZON;1548;OF;1,29
61;TRABZON;1842;SALPAZARI;1,29
61;TRABZON;1647;SÜRMENE;1,29
61;TRABZON;1681;TONYA;1,29
61;TRABZON;1709;VAKFIKEBIR;1,29
61;TRABZON;1732;YOMRA;1,29
62;TUNCELI;1247;ÇEMISGEZEK;0,16
62;TUNCELI;NULL;GÖLBASI;0,16
62;TUNCELI;1397;HOZAT;0,16
62;TUNCELI;1518;MAZGIRT;0,16
62;TUNCELI;1688;MERKEZ;0,16
62;TUNCELI;1541;NAZIMIYE;0,16
62;TUNCELI;1574;PERTEK;0,16
62;TUNCELI;1581;PÜLÜMÜR;0,16
63;SANLIURFA;1115;AKÇAKALE;2,99
63;SANLIURFA;1194;BIRECIK;2,99
63;SANLIURFA;1209;BOZOVA;2,99
63;SANLIURFA;1220;CEYLANPINAR;2,99
63;SANLIURFA;1378;HALFETI;2,99
63;SANLIURFA;1800;HARRAN;2,99
63;SANLIURFA;1393;HILVAN;2,99
63;SANLIURFA;1702;MERKEZ;2,99
63;SANLIURFA;1630;SIVEREK;2,99
63;SANLIURFA;1643;SURUÇ;2,99
63;SANLIURFA;1713;VIRANSEHIR;2,99
64;USAK;1170;BANAZ;0,41
64;USAK;1323;ESME;0,41
64;USAK;NULL;GÖLBASI;0,41
64;USAK;1436;KARAHALLI;0,41
64;USAK;1704;MERKEZ;0,41
64;USAK;1629;SIVASLI;0,41
65;VAN;1770;BAHÇESARAY;1,15
65;VAN;1175;BASKALE;1,15
65;VAN;1786;ÇALDIRAN;1,15
65;VAN;1236;ÇATAK;1,15
65;VAN;1309;ERCIS;1,15
65;VAN;1350;GEVAS;1,15
65;VAN;NULL;GÖLBASI;1,15
65;VAN;1372;GÜRPINAR;1,15
65;VAN;1710;MERKEZ;1,15
65;VAN;1533;MURADIYE;1,15
65;VAN;1565;ÖZALP;1,15
66;YOZGAT;1117;AKDAGMADENI;0,53
66;YOZGAT;1198;BOGAZLIYAN;0,53
66;YOZGAT;1895;ÇANDIR;0,53
66;YOZGAT;1242;ÇAYIRALAN;0,53
66;YOZGAT;1245;ÇEKEREK;0,53
66;YOZGAT;NULL;GÖLBASI;0,53
66;YOZGAT;1952;KADISEHRI;0,53
66;YOZGAT;1733;MERKEZ;0,53
66;YOZGAT;1982;SARAYKENT;0,53
66;YOZGAT;1602;SARIKAYA;0,53
66;YOZGAT;1655;SEFAATLI;0,53
66;YOZGAT;1635;SORGUN;0,53
66;YOZGAT;1998;YENIFAKILI;0,53
66;YOZGAT;1726;YERKÖY;0,53
67;ZONGULDAK;1758;ALAPLI;0,67
67;ZONGULDAK;1240;ÇAYCUMA;0,67
67;ZONGULDAK;1276;DEVREK;0,67
67;ZONGULDAK;1926;GÖKÇEBEY;0,67
67;ZONGULDAK;NULL;GÖLBASI;0,67
67;ZONGULDAK;1741;MERKEZ;0,67
68;AKSARAY;1860;AGAÇÖREN;0,47
68;AKSARAY;1921;ESKIL;0,47
68;AKSARAY;1932;GÜLAGAÇ;0,47
68;AKSARAY;1861;GÜZELYURT;0,47
68;AKSARAY;1120;MERKEZ;0,47
68;AKSARAY;1557;ORTAKÖY;0,47
68;AKSARAY;1866;SARIYAHSI;0,47
69;BAYBURT;1767;AYDINTEPE;0,12
69;BAYBURT;1788;DEMIRÖZÜ;0,12
69;BAYBURT;1176;MERKEZ;0,12
70;KARAMAN;1768;AYRANCI;0,12
70;KARAMAN;1884;BASYAYLA;0,31
70;KARAMAN;1316;ERMENEK;0,31
70;KARAMAN;1862;KAZIMKARABEKIR;0,31
70;KARAMAN;1439;MERKEZ;0,31
70;KARAMAN;1983;SARIVELILER;0,31
71;KIRIKKALE;1880;BAHSILI;0,57
71;KIRIKKALE;1882;BALISEYH;0,57
71;KIRIKKALE;1901;ÇELEBI;0,57
71;KIRIKKALE;1268;DELICE;0,57
71;KIRIKKALE;1954;KARAKEÇILI;0,57
71;KIRIKKALE;1463;KESKIN;0,57
71;KIRIKKALE;1469;MERKEZ;0,57
71;KIRIKKALE;1638;SULAKYURT;0,57
71;KIRIKKALE;1992;YAHSIHAN;0,57
72;BATMAN;1184;BESIRI;1,1
72;BATMAN;1345;GERCÜS;1,1
72;BATMAN;1941;HASANKEYF;1,1
72;BATMAN;1487;KOZLUK;1,1
72;BATMAN;1174;MERKEZ;1,1
72;BATMAN;1607;SASON;1,1
73;SIRNAK;1189;BEYTÜSSEBAP;0,55
73;SIRNAK;1223;CIZRE;0,55
73;SIRNAK;1931;GÜÇLÜKONAK;0,55
73;SIRNAK;1403;IDIL;0,55
73;SIRNAK;1661;MERKEZ;0,55
73;SIRNAK;1623;SILOPI;0,55
73;SIRNAK;1698;ULUDERE;0,55
74;BARTIN;1761;AMASRA;0,21
74;BARTIN;1496;KURUCASILE;0,21
74;BARTIN;1172;MERKEZ;0,21
74;BARTIN;1701;ULUS;0,21
75;ARDAHAN;1252;ÇILDIR;0,15
75;ARDAHAN;2008;DAMAL;0,15
75;ARDAHAN;1356;GÖLE;0,15
75;ARDAHAN;1380;HANAK;0,15
75;ARDAHAN;1144;MERKEZ;0,15
75;ARDAHAN;1579;POSOF;0,15
76;IGDIR;1142;ARALIK;0,18
76;IGDIR;2011;KARAKOYUNLU;0,18
76;IGDIR;1398;MERKEZ;0,18
76;IGDIR;1692;TUZLUCA;0,18
77;YALOVA;2019;ALTINOVA;0,28
77;YALOVA;2020;ARMUTLU;0,28
77;YALOVA;2022;ÇIFTLIKKÖY;0,28
77;YALOVA;2021;ÇINARCIK;0,28
77;YALOVA;1716;MERKEZ;0,28
77;YALOVA;2026;TERMAL;0,28
78;KARABÜK;1296;EFLANI;0,27
78;KARABÜK;1321;ESKIPAZAR;0,27
78;KARABÜK;NULL;GÖLBASI;0,27
78;KARABÜK;1433;MERKEZ;0,27
78;KARABÜK;1587;SAFRANBOLU;0,27
79;KILIS;2023;ELBEYLI;0,21
79;KILIS;1476;MERKEZ;0,21
79;KILIS;2024;MUSABEYLI;0,21
79;KILIS;2025;POLATELI;0,21
80;OSMANIYE;1165;BAHÇE;0,53
80;OSMANIYE;1743;DÜZIÇI;0,53
80;OSMANIYE;2027;HASANBEYLI;0,53
80;OSMANIYE;1423;KADIRLI;0,53
80;OSMANIYE;1560;MERKEZ;0,53
80;OSMANIYE;2028;SUMBAS;0,53
80;OSMANIYE;2029;TOPRAKKALE;0,53
81;DÜZCE;1116;AKÇAKOCA;0,55
81;DÜZCE;1905;ÇILIMLI;0,55
81;DÜZCE;1784;CUMAYERI;0,55
81;DÜZCE;1794;GÖLYAKA;0,55
81;DÜZCE;2017;GÜMÜSOVA;0,55
81;DÜZCE;2031;KAYNASLI;0,55
81;DÜZCE;1292;MERKEZ;0,55
81;DÜZCE;1730;YIGILCA;0,55
